question,answer,retrieved_sources
How to run background tasks in FastAPI?,"Ответ основан на следующих фрагментах:

Основной источник: background-tasks.md
Контекст:  it's then possible to use it as a *path operation function* parameter and have **FastAPI** handle the rest for you, just like when using the `Request` object directly.

It's still possible to use `BackgroundTask` alone in FastAPI, but you have to create the object in your code and return a Starlett...",background-tasks.md
How to declare a request body with Pydantic model?,"Ответ основан на следующих фрагментах:

Основной источник: body.md
Контекст: clare a **request** body, you use [Pydantic](https://docs.pydantic.dev/) models with all their power and benefits.

/// info

To send data, you should use one of: `POST` (the more common), `PUT`, `DELETE` or `PATCH`.

Sending a body with a `GET` request has an undefined behavior in the specification...",body-fields.md | body.md
How to use query parameters with default values?,"Ответ основан на следующих фрагментах:

Основной источник: query-params.md
Контекст: t want to add a specific value but just make it optional, set the default as `None`.

But when you want to make a query parameter required, you can just not declare any default value:

{* ../../docs_src/query_params/tutorial005_py310.py hl[6:7] *}

Here the query parameter `needy` is a required quer...",query-params.md | query-params-str-validations.md
